{"Best validation RMSE score": 105.1515285364095, "Test RMSE score": 123.22199444446974, "Test R^2 score": 0.26858430497138697}