{"Best validation RMSE score": 99.48701328467789, "Test RMSE score": 122.52507980033704, "Test R^2 score": 0.27683433926717094}