{"Best validation RMSE score": 99.50001155153208, "Test RMSE score": 117.93785849130285, "Test R^2 score": 0.329969946759855}