{"Best validation RMSE score": 97.7616110021738, "Test RMSE score": 120.05920570623955, "Test R^2 score": 0.3056495214441143}