{"Best validation F1 score": 0.4171659794250133, "Test F1 score": 0.3340656215697487, "Test accuracy": 0.3453815261044177, "Test precision": 0.3466698631849857, "Test recall": 0.34016168944809255}