{"Best validation F1 score": 0.3804646572901239, "Test F1 score": 0.3651544973616296, "Test accuracy": 0.36947791164658633, "Test precision": 0.3697754952812473, "Test recall": 0.3656034654298878}