{"Best validation F1 score": 0.3717107345015679, "Test F1 score": 0.32495837495837493, "Test accuracy": 0.3373493975903614, "Test precision": 0.353147689230903, "Test recall": 0.32778390044542405}