{"Training RMSE loss": 0.39506444334983826, "Training R2": 0.7612567411820766, "Validation RMSE loss": 0.47040727734565735, "Validation R2": 0.877710455842511, "Average Train RMSE loss": 0.42694179500852314, "Average Train R2": 0.8003577724405531, "Avg_val_r2_rmse": 0.4596353590488434, "Avg_val_r2": 0.7847118149337675, "training_duration": 22.383798599243164, "inference_latency": 0.0003567252840314593}