{"Training RMSE loss": 106.49324035644531, "Training R2": 0.4893301475261309, "Validation RMSE loss": 92.04073791503906, "Validation R2": 0.6319238549663482, "Average Train RMSE loss": 84.2584250313895, "Average Train R2": 0.43425622750186343, "Avg_val_r2_rmse": 85.65610809326172, "Avg_val_r2": 0.28183452476419685, "training_duration": 7.728091716766357, "inference_latency": 0.00021408285413469587}